graph_id,attack_id,robustness_auc_mean,robustness_auc_std,n_reps
BA_n800_m3,random_failures,0.45421875,0.009038368116772243,8
BA_n800_m3,targeted_betweenness,0.20956249999999998,0.008977352457314857,8
BA_n800_m3,targeted_degree,0.19601875,0.008646167090517215,8
ER_n800_p0.01,random_failures,0.476134375,0.0037006741060630795,8
ER_n800_p0.01,targeted_betweenness,0.407240625,0.004506660497451028,8
ER_n800_p0.01,targeted_degree,0.40758437500000005,0.005981159967228066,8
WS_n800_k8_p0.1,random_failures,0.454234375,0.006541951673348595,8
WS_n800_k8_p0.1,targeted_betweenness,0.375275,0.006709641250788714,8
WS_n800_k8_p0.1,targeted_degree,0.41772500000000007,0.008627603126841512,8
