experiment,graph_id,graph_type,model,repetition,attack_id,attack_type,strategy,fraction_removed,nodes_removed,gcc_fraction,gcc_size,avg_path_length_gcc,diameter_gcc,global_efficiency,global_clustering,avg_local_clustering,mean_degree,max_degree,degree_std
manual_ui_experiment,WS_n300_k10_p0.10,synthetic,watts_strogatz,0,random_failures,random,,0.0,0,1.0,300,3.507380156075808,6,0.3195165366034352,0.48052805280528055,0.487963554963555,10.0,13,0.9486832980505138
manual_ui_experiment,WS_n300_k10_p0.10,synthetic,watts_strogatz,0,random_failures,random,,0.02,6,0.98,294,3.5211859487822434,6,0.31856933899835876,0.47691708836123003,0.48337573235532416,9.80952380952381,13,0.9816918156232524
manual_ui_experiment,WS_n300_k10_p0.10,synthetic,watts_strogatz,0,random_failures,random,,0.04,12,0.96,288,3.5265195509097946,6,0.3182434830300392,0.4712041884816754,0.47951633628716966,9.597222222222221,13,1.026181192336993
manual_ui_experiment,WS_n300_k10_p0.10,synthetic,watts_strogatz,0,random_failures,random,,0.06,18,0.94,282,3.5572297518992455,6,0.31630196108123904,0.47237202723012994,0.48163672418991565,9.404255319148936,13,1.0881614620249358
manual_ui_experiment,WS_n300_k10_p0.10,synthetic,watts_strogatz,0,random_failures,random,,0.08,24,0.92,276,3.6244005270092226,7,0.31185921325054616,0.4764070494599204,0.4839541296063036,9.181159420289855,13,1.16864536497516
manual_ui_experiment,WS_n300_k10_p0.10,synthetic,watts_strogatz,0,random_failures,random,,0.1,30,0.9,270,3.648795263665152,7,0.31036505969596073,0.47673716012084594,0.48435165657387874,9.0,13,1.247219128924647
manual_ui_experiment,WS_n300_k10_p0.10,synthetic,watts_strogatz,0,random_failures,random,,0.12,36,0.88,264,3.699216499596728,7,0.3073012855332954,0.48040060305836746,0.4896682652364471,8.803030303030303,13,1.2877005224217946
manual_ui_experiment,WS_n300_k10_p0.10,synthetic,watts_strogatz,0,random_failures,random,,0.14,42,0.86,258,3.7462673061261422,7,0.3044770063185583,0.4843141744904969,0.49538123375332677,8.635658914728682,13,1.329090057063429
manual_ui_experiment,WS_n300_k10_p0.10,synthetic,watts_strogatz,0,random_failures,random,,0.16,48,0.84,252,3.8005754758742807,7,0.3009266034878946,0.48413587159387833,0.49560686227352896,8.396825396825397,12,1.2945512495717193
manual_ui_experiment,WS_n300_k10_p0.10,synthetic,watts_strogatz,0,random_failures,random,,0.18,54,0.82,246,3.870084619213539,7,0.2968361421224774,0.48672685621883843,0.4989711282394209,8.170731707317072,12,1.3203061795257314
manual_ui_experiment,WS_n300_k10_p0.10,synthetic,watts_strogatz,0,random_failures,random,,0.2,60,0.8,240,3.9162831241283125,7,0.29416027429115243,0.4804928131416838,0.49304773929773926,7.933333333333334,12,1.3461880337539116
manual_ui_experiment,WS_n300_k10_p0.10,synthetic,watts_strogatz,0,random_failures,random,,0.22,66,0.78,234,3.9601995524742306,7,0.29195527886525485,0.4793960364894621,0.49406457739791076,7.752136752136752,12,1.4136452419853227
manual_ui_experiment,WS_n300_k10_p0.10,synthetic,watts_strogatz,0,random_failures,random,,0.24,72,0.76,228,3.981992425998918,8,0.29082581637656774,0.47730749617542073,0.49089042049568365,7.552631578947368,12,1.4545277479405767
manual_ui_experiment,WS_n300_k10_p0.10,synthetic,watts_strogatz,0,random_failures,random,,0.26,78,0.74,222,4.0316334433981496,8,0.2882961500609314,0.4802619610696744,0.4933173433173433,7.387387387387387,12,1.5285344283265787
manual_ui_experiment,WS_n300_k10_p0.10,synthetic,watts_strogatz,0,random_failures,random,,0.28,84,0.72,216,4.04823428079242,8,0.28773819777702236,0.4800693240901213,0.48759452995564107,7.2592592592592595,12,1.626575420769447
manual_ui_experiment,WS_n300_k10_p0.10,synthetic,watts_strogatz,0,random_failures,random,,0.3,90,0.7,210,4.070585554796081,8,0.28658724733917934,0.47684605757196497,0.48460214388785816,7.066666666666666,12,1.6691410204149157
manual_ui_experiment,WS_n300_k10_p0.10,synthetic,watts_strogatz,0,random_failures,random,,0.32,96,0.68,204,4.104607360185454,8,0.28466179575281975,0.4797281993204983,0.4919955861132332,6.892156862745098,11,1.6354339997538703
manual_ui_experiment,WS_n300_k10_p0.10,synthetic,watts_strogatz,0,random_failures,random,,0.34,102,0.66,198,4.184997179921038,8,0.2806563337020322,0.47982173805397377,0.4919148191875464,6.686868686868687,11,1.664522649117016
manual_ui_experiment,WS_n300_k10_p0.10,synthetic,watts_strogatz,0,random_failures,random,,0.36,108,0.64,192,4.227476003490401,8,0.2786994618964536,0.4791836734693877,0.4912777326839827,6.5,11,1.590990257669732
manual_ui_experiment,WS_n300_k10_p0.10,synthetic,watts_strogatz,0,random_failures,random,,0.38,114,0.62,186,4.24888113920372,8,0.2777667067989556,0.471312706518474,0.4933905103259942,6.301075268817204,10,1.5470050582491914
manual_ui_experiment,WS_n300_k10_p0.10,synthetic,watts_strogatz,0,random_failures,random,,0.4,120,0.6,180,4.267535692116698,8,0.277360926369284,0.4690522243713733,0.48111552028218696,6.166666666666667,10,1.6141733350404335
manual_ui_experiment,WS_n300_k10_p0.10,synthetic,watts_strogatz,0,random_failures,random,,0.42,126,0.58,174,4.345757756959671,8,0.2736490377161754,0.4757006030507272,0.49421182266009855,5.977011494252873,10,1.62930781081925
manual_ui_experiment,WS_n300_k10_p0.10,synthetic,watts_strogatz,0,random_failures,random,,0.44,132,0.56,168,4.417593384659253,9,0.2700857921345187,0.4763795156808257,0.49917800453514743,5.761904761904762,9,1.597013936927048
manual_ui_experiment,WS_n300_k10_p0.10,synthetic,watts_strogatz,0,random_failures,random,,0.46,138,0.54,162,4.4415305574725865,9,0.26997494471036343,0.47681281618887017,0.4950029394473839,5.666666666666667,9,1.6850834320114558
manual_ui_experiment,WS_n300_k10_p0.10,synthetic,watts_strogatz,0,random_failures,random,,0.48,144,0.52,156,4.6916459884201815,9,0.2593179789147301,0.48633093525179855,0.504039479039479,5.410256410256411,9,1.6941520641031789
manual_ui_experiment,WS_n300_k10_p0.10,synthetic,watts_strogatz,0,random_failures,random,,0.5,150,0.5,150,4.710514541387025,10,0.2588493306345446,0.48759894459102904,0.5068201058201058,5.266666666666667,9,1.671991493864594
manual_ui_experiment,WS_n300_k10_p0.10,synthetic,watts_strogatz,0,random_failures,random,,0.52,156,0.48,144,4.764374514374515,10,0.2567525067524881,0.4755877034358047,0.5044697971781305,5.041666666666667,9,1.632461502013311
manual_ui_experiment,WS_n300_k10_p0.10,synthetic,watts_strogatz,0,random_failures,random,,0.54,162,0.46,138,4.8324341478895585,10,0.2548908635706327,0.48175182481751827,0.4935357717966413,4.884057971014493,9,1.6942890594373843
manual_ui_experiment,WS_n300_k10_p0.10,synthetic,watts_strogatz,0,random_failures,random,,0.56,168,0.44,132,4.843395789960676,10,0.25448078568306376,0.47380410022779046,0.4764670514670515,4.666666666666667,9,1.6862486007212412
manual_ui_experiment,WS_n300_k10_p0.10,synthetic,watts_strogatz,0,random_failures,random,,0.58,174,0.42,126,5.008126984126984,10,0.24859022423783736,0.4860050890585242,0.49076593600403123,4.507936507936508,9,1.7031531530180788
manual_ui_experiment,WS_n300_k10_p0.10,synthetic,watts_strogatz,0,random_failures,random,,0.6,180,0.4,120,5.1949579831932775,12,0.2454763268943933,0.4818941504178273,0.47205026455026455,4.383333333333334,9,1.7662735411657569
manual_ui_experiment,WS_n300_k10_p0.10,synthetic,watts_strogatz,0,random_failures,random,,0.62,186,0.3566666666666667,107,4.952213013577852,11,0.22767287397003447,0.47619047619047616,0.457692843219159,4.2105263157894735,9,1.7495547514310172
manual_ui_experiment,WS_n300_k10_p0.10,synthetic,watts_strogatz,0,random_failures,random,,0.64,192,0.33666666666666667,101,5.5089108910891085,14,0.21321443978505678,0.48957055214723927,0.477961493239271,4.0,9,1.758576865704935
manual_ui_experiment,WS_n300_k10_p0.10,synthetic,watts_strogatz,0,random_failures,random,,0.66,198,0.3233333333333333,97,5.638745704467354,15,0.21791862713528562,0.4891304347826087,0.4973000311235605,3.9215686274509802,9,1.7245987001800802
manual_ui_experiment,WS_n300_k10_p0.10,synthetic,watts_strogatz,0,random_failures,random,,0.68,204,0.30333333333333334,91,5.87008547008547,15,0.21167157099722775,0.4762684124386252,0.4726273148148148,3.6666666666666665,9,1.717960677340692
manual_ui_experiment,WS_n300_k10_p0.10,synthetic,watts_strogatz,0,random_failures,random,,0.7000000000000001,210,0.2866666666666667,86,6.007113543091656,16,0.2121392201916538,0.44223107569721115,0.42298941798941797,3.4444444444444446,8,1.6540261391936353
manual_ui_experiment,WS_n300_k10_p0.10,synthetic,watts_strogatz,0,random_failures,random,,0.72,216,0.25333333333333335,76,5.890526315789474,16,0.19678330291497118,0.43990384615384615,0.3924319727891157,3.2142857142857144,8,1.669555319834115
manual_ui_experiment,WS_n300_k10_p0.10,synthetic,watts_strogatz,0,random_failures,random,,0.74,222,0.19666666666666666,59,5.5751022793687905,14,0.15464660030094668,0.4473684210526316,0.3474358974358974,3.0,7,1.6641005886756874
manual_ui_experiment,WS_n300_k10_p0.10,synthetic,watts_strogatz,0,random_failures,random,,0.76,228,0.18,54,5.76869322152341,15,0.15148122938615924,0.4581818181818182,0.3777116402116402,2.8055555555555554,7,1.6041516353312122
manual_ui_experiment,WS_n300_k10_p0.10,synthetic,watts_strogatz,0,random_failures,random,,0.78,234,0.08666666666666667,26,4.473846153846154,12,0.10479510388601254,0.4549763033175355,0.35497835497835495,2.5757575757575757,7,1.5281262646209657
manual_ui_experiment,WS_n300_k10_p0.10,synthetic,watts_strogatz,0,random_failures,random,,0.8,240,0.07,21,3.1666666666666665,7,0.0855380683346784,0.4658385093167702,0.3443650793650794,2.3333333333333335,7,1.501850710142508
manual_ui_experiment,WS_n300_k10_p0.10,synthetic,watts_strogatz,0,random_failures,random,,0.8200000000000001,246,0.06,18,3.235294117647059,7,0.08222854480716116,0.46956521739130436,0.30185185185185187,2.111111111111111,6,1.3833221775543036
manual_ui_experiment,WS_n300_k10_p0.10,synthetic,watts_strogatz,0,random_failures,random,,0.84,252,0.043333333333333335,13,2.8461538461538463,5,0.06520390070921983,0.47619047619047616,0.3229166666666667,1.6666666666666667,4,1.2304019216861166
manual_ui_experiment,WS_n300_k10_p0.10,synthetic,watts_strogatz,0,random_failures,random,,0.86,258,0.03333333333333333,10,2.3333333333333335,5,0.05404568331397601,0.5625,0.3333333333333333,1.5238095238095237,4,1.219642711891971
manual_ui_experiment,WS_n300_k10_p0.10,synthetic,watts_strogatz,0,random_failures,random,,0.88,264,0.03333333333333333,10,2.3333333333333335,5,0.06751322751322754,0.5333333333333333,0.3055555555555556,1.5555555555555556,4,1.2789849370245931
manual_ui_experiment,WS_n300_k10_p0.10,synthetic,watts_strogatz,0,random_failures,random,,0.9,270,0.016666666666666666,5,1.4,2,0.05555555555555556,0.5217391304347826,0.18888888888888886,1.2666666666666666,4,1.0934146311237816
manual_ui_experiment,WS_n300_k10_p0.10,synthetic,watts_strogatz,0,random_failures,random,,0.92,276,0.016666666666666666,5,1.4,2,0.06642512077294686,0.5,0.2222222222222222,1.1666666666666667,4,1.1426091000668408
manual_ui_experiment,WS_n300_k10_p0.10,synthetic,watts_strogatz,0,random_failures,random,,0.9400000000000001,282,0.013333333333333334,4,1.1666666666666667,2,0.08061002178649238,0.5454545454545454,0.18518518518518517,1.1111111111111112,3,1.048220125784067
manual_ui_experiment,WS_n300_k10_p0.10,synthetic,watts_strogatz,0,random_failures,random,,0.96,288,0.01,3,1.0,1,0.06060606060606061,1.0,0.25,0.6666666666666666,2,0.8498365855987975
manual_ui_experiment,WS_n300_k10_p0.10,synthetic,watts_strogatz,0,random_failures,random,,0.98,294,0.0033333333333333335,1,0.0,0,0.0,0,0.0,0.0,0,0.0
manual_ui_experiment,WS_n300_k10_p0.10,synthetic,watts_strogatz,0,random_failures,random,,1.0,300,0.0,0,0.0,0,0.0,0.0,0.0,0.0,0,0.0
manual_ui_experiment,WS_n300_k10_p0.10,synthetic,watts_strogatz,0,targeted_degree,targeted,degree,0.0,0,1.0,300,3.507380156075808,6,0.3195165366034352,0.48052805280528055,0.487963554963555,10.0,13,0.9486832980505138
manual_ui_experiment,WS_n300_k10_p0.10,synthetic,watts_strogatz,0,targeted_degree,targeted,degree,0.02,6,0.98,294,3.6163311741078683,6,0.3117283090710599,0.4892344497607656,0.4962010778337309,9.693877551020408,12,1.0142672359011573
manual_ui_experiment,WS_n300_k10_p0.10,synthetic,watts_strogatz,0,targeted_degree,targeted,degree,0.04,12,0.96,288,3.717334494773519,6,0.3050788811459945,0.4942031493337948,0.4999383718133718,9.409722222222221,12,1.0633620322958661
manual_ui_experiment,WS_n300_k10_p0.10,synthetic,watts_strogatz,0,targeted_degree,targeted,degree,0.06,18,0.94,282,3.784154867368315,7,0.3010054792973534,0.4985228951255539,0.5024515673451844,9.191489361702128,11,1.2372177297790938
manual_ui_experiment,WS_n300_k10_p0.10,synthetic,watts_strogatz,0,targeted_degree,targeted,degree,0.08,24,0.92,276,3.835151515151515,7,0.2978833678399552,0.5001471020888497,0.5006263462785202,8.992753623188406,11,1.4193097771967518
manual_ui_experiment,WS_n300_k10_p0.10,synthetic,watts_strogatz,0,targeted_degree,targeted,degree,0.1,30,0.9,270,3.927330304281977,7,0.29271559043561585,0.5072388831437435,0.5071433915878361,8.837037037037037,11,1.5405982840125234
manual_ui_experiment,WS_n300_k10_p0.10,synthetic,watts_strogatz,0,targeted_degree,targeted,degree,0.12,36,0.88,264,3.979173867957138,7,0.28986476662340327,0.5068508287292818,0.5078012265512265,8.636363636363637,11,1.6156091227353122
manual_ui_experiment,WS_n300_k10_p0.10,synthetic,watts_strogatz,0,targeted_degree,targeted,degree,0.14,42,0.86,258,4.060145386541188,7,0.2853807670929199,0.5069321009598293,0.508320469366981,8.418604651162791,11,1.7217157226864743
manual_ui_experiment,WS_n300_k10_p0.10,synthetic,watts_strogatz,0,targeted_degree,targeted,degree,0.16,48,0.84,252,4.173559729336621,7,0.27955675408730885,0.5109554140127388,0.5107025470120709,8.198412698412698,11,1.812740805108501
manual_ui_experiment,WS_n300_k10_p0.10,synthetic,watts_strogatz,0,targeted_degree,targeted,degree,0.18,54,0.82,246,4.31279243404679,8,0.2727921180087265,0.5162692847124825,0.512697532819484,7.9105691056910565,11,1.816850352828762
manual_ui_experiment,WS_n300_k10_p0.10,synthetic,watts_strogatz,0,targeted_degree,targeted,degree,0.2,60,0.8,240,4.3721059972106,9,0.2697027683691532,0.5181236673773987,0.5057479557479557,7.666666666666667,11,1.8988300491501486
manual_ui_experiment,WS_n300_k10_p0.10,synthetic,watts_strogatz,0,targeted_degree,targeted,degree,0.22,66,0.78,234,4.503026301309563,9,0.2633489291930336,0.5196094933512877,0.5065616482283148,7.401709401709402,11,1.8423314338451238
manual_ui_experiment,WS_n300_k10_p0.10,synthetic,watts_strogatz,0,targeted_degree,targeted,degree,0.24,72,0.76,228,4.642051163150166,9,0.2567009330718152,0.5169283147342538,0.50333883952305,7.0964912280701755,11,1.7645102607945835
manual_ui_experiment,WS_n300_k10_p0.10,synthetic,watts_strogatz,0,targeted_degree,targeted,degree,0.26,78,0.74,222,4.824303941951001,10,0.24925185366362274,0.5162110616656072,0.5093343343343343,6.81981981981982,10,1.68029490224963
manual_ui_experiment,WS_n300_k10_p0.10,synthetic,watts_strogatz,0,targeted_degree,targeted,degree,0.28,84,0.72,216,4.9584840654608096,10,0.2443409827324443,0.5168539325842697,0.5123199588477366,6.592592592592593,10,1.638862732580562
manual_ui_experiment,WS_n300_k10_p0.10,synthetic,watts_strogatz,0,targeted_degree,targeted,degree,0.3,90,0.7,210,5.033219412166781,11,0.24271307450048923,0.521484375,0.4991950113378685,6.495238095238095,10,1.8211655583525912
manual_ui_experiment,WS_n300_k10_p0.10,synthetic,watts_strogatz,0,targeted_degree,targeted,degree,0.32,96,0.68,204,5.060996812518111,11,0.24252471277607657,0.5236888776285786,0.4973622782446312,6.450980392156863,10,1.8793378630616426
manual_ui_experiment,WS_n300_k10_p0.10,synthetic,watts_strogatz,0,targeted_degree,targeted,degree,0.34,102,0.6466666666666666,194,5.012712996100635,11,0.23660848713915553,0.5269849507005708,0.49335417668750997,6.434343434343434,10,1.9906935807798
manual_ui_experiment,WS_n300_k10_p0.10,synthetic,watts_strogatz,0,targeted_degree,targeted,degree,0.36,108,0.6233333333333333,187,5.021735380369156,11,0.23437841548113902,0.5235457063711911,0.48345734126984125,6.3125,10,2.0171788261496966
manual_ui_experiment,WS_n300_k10_p0.10,synthetic,watts_strogatz,0,targeted_degree,targeted,degree,0.38,114,0.6033333333333334,181,5.085144260282382,11,0.23307533759144747,0.5213143872113677,0.4864183307731695,6.182795698924731,10,2.0684326649528297
manual_ui_experiment,WS_n300_k10_p0.10,synthetic,watts_strogatz,0,targeted_degree,targeted,degree,0.4,120,0.57,171,5.180392156862745,12,0.22140204474467323,0.5223257308062962,0.48256172839506173,6.0,10,2.1421692017412837
manual_ui_experiment,WS_n300_k10_p0.10,synthetic,watts_strogatz,0,targeted_degree,targeted,degree,0.42,126,0.5366666666666666,161,5.0420807453416145,11,0.21600962451568717,0.521079258010118,0.46782521437693847,5.896551724137931,10,2.282036208919321
manual_ui_experiment,WS_n300_k10_p0.10,synthetic,watts_strogatz,0,targeted_degree,targeted,degree,0.44,132,0.49666666666666665,149,5.010611282423363,10,0.20232050072189753,0.5282142857142857,0.4662509448223734,5.785714285714286,10,2.375827818493851
manual_ui_experiment,WS_n300_k10_p0.10,synthetic,watts_strogatz,0,targeted_degree,targeted,degree,0.46,138,0.47333333333333333,142,4.9182898811307565,11,0.2014177619192421,0.5240825688073395,0.4396237507348618,5.6419753086419755,10,2.4711103216191215
manual_ui_experiment,WS_n300_k10_p0.10,synthetic,watts_strogatz,0,targeted_degree,targeted,degree,0.48,144,0.4533333333333333,136,4.802723311546841,11,0.20294190278060034,0.5137770241627808,0.42684676434676433,5.448717948717949,10,2.4502612937453345
manual_ui_experiment,WS_n300_k10_p0.10,synthetic,watts_strogatz,0,targeted_degree,targeted,degree,0.5,150,0.42333333333333334,127,4.718535183102112,11,0.1966810547146042,0.5107816711590296,0.41265079365079366,5.346666666666667,10,2.5376804807190014
manual_ui_experiment,WS_n300_k10_p0.10,synthetic,watts_strogatz,0,targeted_degree,targeted,degree,0.52,156,0.4,120,4.68921568627451,11,0.19179537143551698,0.5094905094905094,0.40127865961199294,5.138888888888889,10,2.5566121004365847
manual_ui_experiment,WS_n300_k10_p0.10,synthetic,watts_strogatz,0,targeted_degree,targeted,degree,0.54,162,0.38,114,5.015525539512498,12,0.18079960491099492,0.5215909090909091,0.38673798021624106,4.884057971014493,10,2.556810920579753
manual_ui_experiment,WS_n300_k10_p0.10,synthetic,watts_strogatz,0,targeted_degree,targeted,degree,0.56,168,0.3333333333333333,100,6.840808080808081,18,0.13612953858366295,0.5397574123989218,0.3882094757094757,4.5606060606060606,9,2.4992652731188447
manual_ui_experiment,WS_n300_k10_p0.10,synthetic,watts_strogatz,0,targeted_degree,targeted,degree,0.58,174,0.3,90,6.329588014981273,17,0.1301709707866552,0.5389221556886228,0.36304484756865707,4.365079365079365,9,2.5529415794308528
manual_ui_experiment,WS_n300_k10_p0.10,synthetic,watts_strogatz,0,targeted_degree,targeted,degree,0.6,180,0.26666666666666666,80,6.39620253164557,17,0.11753748114721814,0.5228331780055918,0.3461904761904762,3.9833333333333334,9,2.449433040975446
manual_ui_experiment,WS_n300_k10_p0.10,synthetic,watts_strogatz,0,targeted_degree,targeted,degree,0.62,186,0.24333333333333335,73,7.411339421613394,22,0.10508016409237834,0.542319749216301,0.32857142857142857,3.7719298245614037,8,2.516733777608611
manual_ui_experiment,WS_n300_k10_p0.10,synthetic,watts_strogatz,0,targeted_degree,targeted,degree,0.64,192,0.22,66,7.128671328671329,22,0.09926199363739746,0.5284974093264249,0.30178571428571427,3.4444444444444446,8,2.4241582476968255
manual_ui_experiment,WS_n300_k10_p0.10,synthetic,watts_strogatz,0,targeted_degree,targeted,degree,0.66,198,0.17,51,5.530196078431373,16,0.08446147243468184,0.5375191424196019,0.2842903828197946,3.176470588235294,8,2.4270201397884756
manual_ui_experiment,WS_n300_k10_p0.10,synthetic,watts_strogatz,0,targeted_degree,targeted,degree,0.68,204,0.13666666666666666,41,4.6987804878048784,12,0.07341076808182057,0.5563636363636364,0.278844246031746,2.9375,8,2.4014427087343417
manual_ui_experiment,WS_n300_k10_p0.10,synthetic,watts_strogatz,0,targeted_degree,targeted,degree,0.7000000000000001,210,0.11333333333333333,34,4.720142602495543,12,0.06158904003473279,0.556786703601108,0.23148148148148145,2.4444444444444446,7,2.1192824315535104
manual_ui_experiment,WS_n300_k10_p0.10,synthetic,watts_strogatz,0,targeted_degree,targeted,degree,0.72,216,0.03666666666666667,11,1.6727272727272726,4,0.03748121738655304,0.5581395348837209,0.2183106575963719,2.0238095238095237,7,1.7455807498351406
manual_ui_experiment,WS_n300_k10_p0.10,synthetic,watts_strogatz,0,targeted_degree,targeted,degree,0.74,222,0.03,9,2.9722222222222223,7,0.03152165295022439,0.2916666666666667,0.15598290598290598,1.5128205128205128,4,1.0345764616324111
manual_ui_experiment,WS_n300_k10_p0.10,synthetic,watts_strogatz,0,targeted_degree,targeted,degree,0.76,228,0.03,9,2.9722222222222223,7,0.0317525523511439,0.3442622950819672,0.16898148148148148,1.4166666666666667,4,1.050793351076541
manual_ui_experiment,WS_n300_k10_p0.10,synthetic,watts_strogatz,0,targeted_degree,targeted,degree,0.78,234,0.03,9,2.9722222222222223,7,0.03550560550560549,0.32142857142857145,0.148989898989899,1.4242424242424243,4,1.0453447461006269
manual_ui_experiment,WS_n300_k10_p0.10,synthetic,watts_strogatz,0,targeted_degree,targeted,degree,0.8,240,0.02666666666666667,8,2.607142857142857,6,0.03741996233521656,0.35294117647058826,0.16666666666666666,1.4333333333333333,3,1.0386957633921923
manual_ui_experiment,WS_n300_k10_p0.10,synthetic,watts_strogatz,0,targeted_degree,targeted,degree,0.8200000000000001,246,0.023333333333333334,7,2.6666666666666665,6,0.03759608665269043,0.4,0.19753086419753085,1.3703703703703705,3,1.0766253224998987
manual_ui_experiment,WS_n300_k10_p0.10,synthetic,watts_strogatz,0,targeted_degree,targeted,degree,0.84,252,0.023333333333333334,7,2.4761904761904763,5,0.03781028368794326,0.45,0.2222222222222222,1.2916666666666667,3,1.135751097536584
manual_ui_experiment,WS_n300_k10_p0.10,synthetic,watts_strogatz,0,targeted_degree,targeted,degree,0.86,258,0.023333333333333334,7,2.4761904761904763,5,0.038501742160278754,0.46875,0.19841269841269843,1.1428571428571428,3,1.1664236870396087
manual_ui_experiment,WS_n300_k10_p0.10,synthetic,watts_strogatz,0,targeted_degree,targeted,degree,0.88,264,0.02,6,1.6,3,0.041534391534391535,0.5172413793103449,0.2314814814814815,1.1666666666666667,3,1.1902380714238083
manual_ui_experiment,WS_n300_k10_p0.10,synthetic,watts_strogatz,0,targeted_degree,targeted,degree,0.9,270,0.02,6,1.6,3,0.04980842911877394,0.5769230769230769,0.2777777777777778,1.2,3,1.2220201853215573
manual_ui_experiment,WS_n300_k10_p0.10,synthetic,watts_strogatz,0,targeted_degree,targeted,degree,0.92,276,0.013333333333333334,4,1.1666666666666667,2,0.034420289855072464,0.75,0.13888888888888887,0.75,3,0.924211375534118
manual_ui_experiment,WS_n300_k10_p0.10,synthetic,watts_strogatz,0,targeted_degree,targeted,degree,0.9400000000000001,282,0.006666666666666667,2,1.0,1,0.0196078431372549,0,0.0,0.3333333333333333,1,0.4714045207910317
manual_ui_experiment,WS_n300_k10_p0.10,synthetic,watts_strogatz,0,targeted_degree,targeted,degree,0.96,288,0.006666666666666667,2,1.0,1,0.030303030303030304,0,0.0,0.3333333333333333,1,0.47140452079103173
manual_ui_experiment,WS_n300_k10_p0.10,synthetic,watts_strogatz,0,targeted_degree,targeted,degree,0.98,294,0.006666666666666667,2,1.0,1,0.06666666666666667,0,0.0,0.3333333333333333,1,0.4714045207910317
manual_ui_experiment,WS_n300_k10_p0.10,synthetic,watts_strogatz,0,targeted_degree,targeted,degree,1.0,300,0.0,0,0.0,0,0.0,0.0,0.0,0.0,0,0.0
manual_ui_experiment,WS_n300_k10_p0.10,synthetic,watts_strogatz,0,targeted_betweenness,targeted,betweenness,0.0,0,1.0,300,3.507380156075808,6,0.3195165366034352,0.48052805280528055,0.487963554963555,10.0,13,0.9486832980505138
manual_ui_experiment,WS_n300_k10_p0.10,synthetic,watts_strogatz,0,targeted_betweenness,targeted,betweenness,0.02,6,0.98,294,3.6351141139049474,6,0.3106088396678445,0.49187768752986144,0.49762739150494256,9.70748299319728,12,0.9491197809308927
manual_ui_experiment,WS_n300_k10_p0.10,synthetic,watts_strogatz,0,targeted_betweenness,targeted,betweenness,0.04,12,0.96,288,3.758662408052652,7,0.3024966355106247,0.5030141233207027,0.5070559263267597,9.4375,12,1.0049789245993614
manual_ui_experiment,WS_n300_k10_p0.10,synthetic,watts_strogatz,0,targeted_betweenness,targeted,betweenness,0.06,18,0.94,282,3.81933822972666,7,0.29867452445259673,0.5075344365350837,0.5105124190230573,9.205673758865249,12,1.0851527362277662
manual_ui_experiment,WS_n300_k10_p0.10,synthetic,watts_strogatz,0,targeted_betweenness,targeted,betweenness,0.08,24,0.92,276,3.9058234519104085,7,0.2938051320660987,0.5103475591642737,0.5149387247213334,9.0,11,1.0868115845397743
manual_ui_experiment,WS_n300_k10_p0.10,synthetic,watts_strogatz,0,targeted_betweenness,targeted,betweenness,0.1,30,0.9,270,4.0119509844416905,7,0.2877426355370521,0.5183095592931658,0.5256498850943296,8.777777777777779,11,1.146115285175789
manual_ui_experiment,WS_n300_k10_p0.10,synthetic,watts_strogatz,0,targeted_betweenness,targeted,betweenness,0.12,36,0.88,264,4.093271114183661,7,0.28326708146113205,0.5270362765229295,0.534096101709738,8.583333333333334,11,1.1483958948520896
manual_ui_experiment,WS_n300_k10_p0.10,synthetic,watts_strogatz,0,targeted_betweenness,targeted,betweenness,0.14,42,0.86,258,4.206798781407414,8,0.27776847746320305,0.5335287651154269,0.5419882658254751,8.395348837209303,11,1.174130749894357
manual_ui_experiment,WS_n300_k10_p0.10,synthetic,watts_strogatz,0,targeted_betweenness,targeted,betweenness,0.16,48,0.84,252,4.347878327958009,8,0.27035324311231085,0.543162108072048,0.5496340960626674,8.142857142857142,11,1.1492874653473495
manual_ui_experiment,WS_n300_k10_p0.10,synthetic,watts_strogatz,0,targeted_betweenness,targeted,betweenness,0.18,54,0.82,246,4.469918699186992,8,0.26487591552306433,0.5477882523567803,0.553892291087413,7.9105691056910565,11,1.1791421029218403
manual_ui_experiment,WS_n300_k10_p0.10,synthetic,watts_strogatz,0,targeted_betweenness,targeted,betweenness,0.2,60,0.8,240,4.632740585774059,9,0.25870288736139013,0.5539253941002029,0.5599603174603175,7.725,11,1.2004339493144414
manual_ui_experiment,WS_n300_k10_p0.10,synthetic,watts_strogatz,0,targeted_betweenness,targeted,betweenness,0.22,66,0.78,234,4.673379553207879,9,0.25696800417832577,0.5512493625701173,0.5594525844525845,7.512820512820513,10,1.1629272277383145
manual_ui_experiment,WS_n300_k10_p0.10,synthetic,watts_strogatz,0,targeted_betweenness,targeted,betweenness,0.24,72,0.76,228,4.767022181003169,9,0.2530304131596859,0.5570876999448428,0.5612642717905876,7.315789473684211,10,1.227004550197344
manual_ui_experiment,WS_n300_k10_p0.10,synthetic,watts_strogatz,0,targeted_betweenness,targeted,betweenness,0.26,78,0.74,222,5.051363580775345,10,0.24293244440303235,0.5571253071253072,0.5588874588874589,7.045045045045045,10,1.1884382013093084
manual_ui_experiment,WS_n300_k10_p0.10,synthetic,watts_strogatz,0,targeted_betweenness,targeted,betweenness,0.28,84,0.72,216,5.084065460809647,10,0.2419268932091887,0.560308710033076,0.5641681363903586,6.898148148148148,10,1.1421212786255073
manual_ui_experiment,WS_n300_k10_p0.10,synthetic,watts_strogatz,0,targeted_betweenness,targeted,betweenness,0.3,90,0.7,210,5.213579403053087,10,0.23758438303550303,0.5681063122923588,0.5728987150415722,6.733333333333333,10,1.236482466066094
manual_ui_experiment,WS_n300_k10_p0.10,synthetic,watts_strogatz,0,targeted_betweenness,targeted,betweenness,0.32,96,0.68,204,5.2735439003187485,11,0.23598637469615846,0.5687387155016765,0.5750427948957361,6.549019607843137,10,1.2919619597719916
manual_ui_experiment,WS_n300_k10_p0.10,synthetic,watts_strogatz,0,targeted_betweenness,targeted,betweenness,0.34,102,0.66,198,5.683997333743527,11,0.22432885968110114,0.5776183644189383,0.5807840307840307,6.3232323232323235,10,1.241767092365747
manual_ui_experiment,WS_n300_k10_p0.10,synthetic,watts_strogatz,0,targeted_betweenness,targeted,betweenness,0.36,108,0.64,192,5.6885907504363,11,0.22425336322586464,0.5704358812381554,0.5727513227513227,6.135416666666667,9,1.2129491579296396
manual_ui_experiment,WS_n300_k10_p0.10,synthetic,watts_strogatz,0,targeted_betweenness,targeted,betweenness,0.38,114,0.62,186,5.787213019471084,11,0.22152374620115559,0.5726613738350017,0.5733444273766855,5.967741935483871,9,1.2265136613016974
manual_ui_experiment,WS_n300_k10_p0.10,synthetic,watts_strogatz,0,targeted_betweenness,targeted,betweenness,0.4,120,0.6,180,5.9512725015518315,12,0.21690087001073316,0.5701149425287356,0.5679453262786597,5.766666666666667,9,1.2297244497131143
manual_ui_experiment,WS_n300_k10_p0.10,synthetic,watts_strogatz,0,targeted_betweenness,targeted,betweenness,0.42,126,0.58,174,6.472393860873032,14,0.20680478322495238,0.5762350936967632,0.5703749315818282,5.574712643678161,8,1.2189328657557181
manual_ui_experiment,WS_n300_k10_p0.10,synthetic,watts_strogatz,0,targeted_betweenness,targeted,betweenness,0.44,132,0.56,168,6.6869831765041345,14,0.20225728573141197,0.574468085106383,0.5741780045351474,5.380952380952381,8,1.2668367232783837
manual_ui_experiment,WS_n300_k10_p0.10,synthetic,watts_strogatz,0,targeted_betweenness,targeted,betweenness,0.46,138,0.54,162,6.916417452649337,14,0.19882687795041712,0.5748594787940725,0.5825396825396825,5.271604938271605,8,1.281514783458438
manual_ui_experiment,WS_n300_k10_p0.10,synthetic,watts_strogatz,0,targeted_betweenness,targeted,betweenness,0.48,144,0.51,153,7.835999312005504,20,0.18179737608338592,0.5719298245614035,0.5868589743589744,5.038461538461538,8,1.2551668363139015
manual_ui_experiment,WS_n300_k10_p0.10,synthetic,watts_strogatz,0,targeted_betweenness,targeted,betweenness,0.5,150,0.49,147,8.401826484018265,22,0.17243762719627137,0.5718232044198895,0.5809047619047619,4.76,8,1.1870411394162659
manual_ui_experiment,WS_n300_k10_p0.10,synthetic,watts_strogatz,0,targeted_betweenness,targeted,betweenness,0.52,156,0.47,141,9.097365754812563,22,0.16434662407327602,0.5761285386381025,0.5824570105820106,4.611111111111111,8,1.2253747222284876
manual_ui_experiment,WS_n300_k10_p0.10,synthetic,watts_strogatz,0,targeted_betweenness,targeted,betweenness,0.54,162,0.45,135,10.841127694859038,28,0.15200727910147008,0.5749778172138421,0.5796583850931677,4.3768115942028984,8,1.246461068941711
manual_ui_experiment,WS_n300_k10_p0.10,synthetic,watts_strogatz,0,targeted_betweenness,targeted,betweenness,0.56,168,0.38666666666666666,116,12.286056971514244,33,0.12447476870688257,0.5900195694716243,0.5716630591630592,4.2272727272727275,8,1.3573085505430997
manual_ui_experiment,WS_n300_k10_p0.10,synthetic,watts_strogatz,0,targeted_betweenness,targeted,betweenness,0.58,174,0.17333333333333334,52,8.07918552036199,22,0.08997388192807572,0.6071044133476857,0.5956349206349206,4.111111111111111,8,1.398537911263625
manual_ui_experiment,WS_n300_k10_p0.10,synthetic,watts_strogatz,0,targeted_betweenness,targeted,betweenness,0.6,180,0.16666666666666666,50,7.930612244897959,22,0.09100873945480027,0.6,0.5695634920634921,3.966666666666667,7,1.3780017739062924
manual_ui_experiment,WS_n300_k10_p0.10,synthetic,watts_strogatz,0,targeted_betweenness,targeted,betweenness,0.62,186,0.11,33,5.412878787878788,14,0.06899730709698146,0.6096904441453567,0.5445697577276525,3.824561403508772,7,1.4941148528804706
manual_ui_experiment,WS_n300_k10_p0.10,synthetic,watts_strogatz,0,targeted_betweenness,targeted,betweenness,0.64,192,0.07,21,4.119047619047619,11,0.061051235791630534,0.609375,0.5247354497354497,3.5185185185185186,7,1.3435820109049668
manual_ui_experiment,WS_n300_k10_p0.10,synthetic,watts_strogatz,0,targeted_betweenness,targeted,betweenness,0.66,198,0.07,21,4.119047619047619,11,0.06051022469193703,0.6130952380952381,0.522922502334267,3.3529411764705883,7,1.411764705882353
manual_ui_experiment,WS_n300_k10_p0.10,synthetic,watts_strogatz,0,targeted_betweenness,targeted,betweenness,0.68,204,0.07,21,4.119047619047619,11,0.06007449969621025,0.6297169811320755,0.5184027777777778,3.1875,6,1.3640663779059043
manual_ui_experiment,WS_n300_k10_p0.10,synthetic,watts_strogatz,0,targeted_betweenness,targeted,betweenness,0.7000000000000001,210,0.056666666666666664,17,3.963235294117647,11,0.0575139300981996,0.6018808777429467,0.4640740740740741,2.888888888888889,5,1.2775362090493163
manual_ui_experiment,WS_n300_k10_p0.10,synthetic,watts_strogatz,0,targeted_betweenness,targeted,betweenness,0.72,216,0.04,12,2.696969696969697,7,0.05461517270897638,0.6199261992619927,0.4694444444444444,2.761904761904762,5,1.2594315386131612
manual_ui_experiment,WS_n300_k10_p0.10,synthetic,watts_strogatz,0,targeted_betweenness,targeted,betweenness,0.74,222,0.04,12,2.696969696969697,7,0.05462910105767241,0.6302521008403361,0.4735042735042735,2.6666666666666665,5,1.2876799517425355
manual_ui_experiment,WS_n300_k10_p0.10,synthetic,watts_strogatz,0,targeted_betweenness,targeted,betweenness,0.76,228,0.04,12,2.696969696969697,7,0.054011103658990985,0.631578947368421,0.4666666666666667,2.5277777777777777,5,1.3941566768144005
manual_ui_experiment,WS_n300_k10_p0.10,synthetic,watts_strogatz,0,targeted_betweenness,targeted,betweenness,0.78,234,0.04,12,2.696969696969697,7,0.05042402042402044,0.6580645161290323,0.49242424242424243,2.303030303030303,5,1.3023253907238967
manual_ui_experiment,WS_n300_k10_p0.10,synthetic,watts_strogatz,0,targeted_betweenness,targeted,betweenness,0.8,240,0.04,12,2.696969696969697,7,0.050306698950766775,0.6870229007633588,0.4583333333333333,2.2,5,1.3140268896284684
manual_ui_experiment,WS_n300_k10_p0.10,synthetic,watts_strogatz,0,targeted_betweenness,targeted,betweenness,0.8200000000000001,246,0.02,6,1.2666666666666666,2,0.04332634521313766,0.7572815533980582,0.47716049382716047,2.0,5,1.3471506281091268
manual_ui_experiment,WS_n300_k10_p0.10,synthetic,watts_strogatz,0,targeted_betweenness,targeted,betweenness,0.84,252,0.02,6,1.4,3,0.04240543735224586,0.8,0.517361111111111,1.8333333333333333,4,1.263812574008592
manual_ui_experiment,WS_n300_k10_p0.10,synthetic,watts_strogatz,0,targeted_betweenness,targeted,betweenness,0.86,258,0.016666666666666666,5,1.1,2,0.03774680603948897,0.8571428571428571,0.40079365079365076,1.4761904761904763,4,1.1388819755334665
manual_ui_experiment,WS_n300_k10_p0.10,synthetic,watts_strogatz,0,targeted_betweenness,targeted,betweenness,0.88,264,0.013333333333333334,4,1.1666666666666667,2,0.03571428571428571,0.75,0.2685185185185185,1.1666666666666667,3,0.9574271077563381
manual_ui_experiment,WS_n300_k10_p0.10,synthetic,watts_strogatz,0,targeted_betweenness,targeted,betweenness,0.9,270,0.013333333333333334,4,1.1666666666666667,2,0.03908045977011494,0.7894736842105263,0.3222222222222222,1.0666666666666667,3,1.0934146311237818
manual_ui_experiment,WS_n300_k10_p0.10,synthetic,watts_strogatz,0,targeted_betweenness,targeted,betweenness,0.92,276,0.01,3,1.0,1,0.03260869565217391,1.0,0.25,0.75,2,0.82915619758885
manual_ui_experiment,WS_n300_k10_p0.10,synthetic,watts_strogatz,0,targeted_betweenness,targeted,betweenness,0.9400000000000001,282,0.006666666666666667,2,1.0,1,0.026143790849673203,0,0.0,0.4444444444444444,1,0.4969039949999533
manual_ui_experiment,WS_n300_k10_p0.10,synthetic,watts_strogatz,0,targeted_betweenness,targeted,betweenness,0.96,288,0.006666666666666667,2,1.0,1,0.015151515151515152,0,0.0,0.16666666666666666,1,0.3726779962499649
manual_ui_experiment,WS_n300_k10_p0.10,synthetic,watts_strogatz,0,targeted_betweenness,targeted,betweenness,0.98,294,0.0033333333333333335,1,0.0,0,0.0,0,0.0,0.0,0,0.0
manual_ui_experiment,WS_n300_k10_p0.10,synthetic,watts_strogatz,0,targeted_betweenness,targeted,betweenness,1.0,300,0.0,0,0.0,0,0.0,0.0,0.0,0.0,0,0.0
