graph,graph_label,strategy,repeat,fraction_removed,removed_count,lcc_frac,avg_path_length,global_efficiency
ER,"ER(n=120, p=0.01)",random,0,0.0,0,0.45,8.000698812019566,0.04570819622553627
ER,"ER(n=120, p=0.01)",random,0,0.008333333333333333,1,0.425,7.92,0.0431236006020663
ER,"ER(n=120, p=0.01)",random,0,0.1,12,0.24166666666666667,6.226600985221675,0.028993265974055122
ER,"ER(n=120, p=0.01)",random,0,0.2,24,0.16666666666666666,4.678947368421053,0.024425236069972885
ER,"ER(n=120, p=0.01)",random,0,0.3,36,0.1,3.3181818181818183,0.019724817637898535
ER,"ER(n=120, p=0.01)",random,0,0.4,48,0.058333333333333334,2.380952380952381,0.013217266562336986
ER,"ER(n=120, p=0.01)",random,0,0.5,60,0.03333333333333333,1.6666666666666667,0.01007532956685499
ER,"ER(n=120, p=0.01)",random,0,0.6,72,0.03333333333333333,1.6666666666666667,0.012263593380614656
ER,"ER(n=120, p=0.01)",random,0,0.7,84,0.025,1.3333333333333333,0.010317460317460317
ER,"ER(n=120, p=0.01)",random,0,0.8,96,0.016666666666666666,1.0,0.010869565217391304
ER,"ER(n=120, p=0.01)",random,0,0.9,108,0.016666666666666666,1.0,0.015151515151515152
ER,"ER(n=120, p=0.01)",random,0,1.0,120,0.0,,0.0
ER,"ER(n=120, p=0.01)",degree,0,0.0,0,0.45,8.000698812019566,0.04570819622553627
ER,"ER(n=120, p=0.01)",degree,0,0.008333333333333333,1,0.4,7.75354609929078,0.03999399891582359
ER,"ER(n=120, p=0.01)",degree,0,0.1,12,0.041666666666666664,2.0,0.008941963770624204
ER,"ER(n=120, p=0.01)",degree,0,0.2,24,0.025,1.3333333333333333,0.003399122807017544
ER,"ER(n=120, p=0.01)",degree,0,0.3,36,0.016666666666666666,1.0,0.0005737234652897303
ER,"ER(n=120, p=0.01)",degree,0,0.4,48,0.008333333333333333,,0.0
ER,"ER(n=120, p=0.01)",degree,0,0.5,60,0.008333333333333333,,0.0
ER,"ER(n=120, p=0.01)",degree,0,0.6,72,0.008333333333333333,,0.0
ER,"ER(n=120, p=0.01)",degree,0,0.7,84,0.008333333333333333,,0.0
ER,"ER(n=120, p=0.01)",degree,0,0.8,96,0.008333333333333333,,0.0
ER,"ER(n=120, p=0.01)",degree,0,0.9,108,0.008333333333333333,,0.0
ER,"ER(n=120, p=0.01)",degree,0,1.0,120,0.0,,0.0
ER,"ER(n=120, p=0.01)",betweenness,0,0.0,0,0.45,8.000698812019566,0.04570819622553627
ER,"ER(n=120, p=0.01)",betweenness,0,0.008333333333333333,1,0.25,4.9655172413793105,0.0312086570632362
ER,"ER(n=120, p=0.01)",betweenness,0,0.1,12,0.041666666666666664,2.0,0.008812161070728047
ER,"ER(n=120, p=0.01)",betweenness,0,0.2,24,0.016666666666666666,1.0,0.0037280701754385964
ER,"ER(n=120, p=0.01)",betweenness,0,0.3,36,0.016666666666666666,1.0,0.004016064257028112
ER,"ER(n=120, p=0.01)",betweenness,0,0.4,48,0.016666666666666666,1.0,0.003912363067292645
ER,"ER(n=120, p=0.01)",betweenness,0,0.5,60,0.016666666666666666,1.0,0.003389830508474576
ER,"ER(n=120, p=0.01)",betweenness,0,0.6,72,0.016666666666666666,1.0,0.0035460992907801418
ER,"ER(n=120, p=0.01)",betweenness,0,0.7,84,0.016666666666666666,1.0,0.0031746031746031746
ER,"ER(n=120, p=0.01)",betweenness,0,0.8,96,0.016666666666666666,1.0,0.0036231884057971015
ER,"ER(n=120, p=0.01)",betweenness,0,0.9,108,0.008333333333333333,,0.0
ER,"ER(n=120, p=0.01)",betweenness,0,1.0,120,0.0,,0.0
WS,"WS(n=120, k=2, p=0.1)",random,0,0.0,0,1.0,30.536834733893556,0.08290234116302649
WS,"WS(n=120, k=2, p=0.1)",random,0,0.008333333333333333,1,0.85,25.92234517569404,0.07542045593984695
WS,"WS(n=120, k=2, p=0.1)",random,0,0.1,12,0.20833333333333334,6.986666666666666,0.0443952069463644
WS,"WS(n=120, k=2, p=0.1)",random,0,0.2,24,0.15833333333333333,5.52046783625731,0.036225480172848545
WS,"WS(n=120, k=2, p=0.1)",random,0,0.3,36,0.1,3.484848484848485,0.03222470380387764
WS,"WS(n=120, k=2, p=0.1)",random,0,0.4,48,0.058333333333333334,2.6666666666666665,0.024556598852373494
WS,"WS(n=120, k=2, p=0.1)",random,0,0.5,60,0.05,2.3333333333333335,0.0215819209039548
WS,"WS(n=120, k=2, p=0.1)",random,0,0.6,72,0.03333333333333333,1.6666666666666667,0.02186761229314421
WS,"WS(n=120, k=2, p=0.1)",random,0,0.7,84,0.03333333333333333,1.6666666666666667,0.024338624338624337
WS,"WS(n=120, k=2, p=0.1)",random,0,0.8,96,0.025,1.3333333333333333,0.02355072463768116
WS,"WS(n=120, k=2, p=0.1)",random,0,0.9,108,0.016666666666666666,1.0,0.030303030303030304
WS,"WS(n=120, k=2, p=0.1)",random,0,1.0,120,0.0,,0.0
WS,"WS(n=120, k=2, p=0.1)",degree,0,0.0,0,1.0,30.536834733893556,0.08290234116302649
WS,"WS(n=120, k=2, p=0.1)",degree,0,0.008333333333333333,1,0.5916666666666667,18.050704225352113,0.06579664202369583
WS,"WS(n=120, k=2, p=0.1)",degree,0,0.1,12,0.25833333333333336,10.666666666666666,0.03724154313699666
WS,"WS(n=120, k=2, p=0.1)",degree,0,0.2,24,0.19166666666666668,8.0,0.03263973943059304
WS,"WS(n=120, k=2, p=0.1)",degree,0,0.3,36,0.125,5.333333333333333,0.023938183318561953
WS,"WS(n=120, k=2, p=0.1)",degree,0,0.4,48,0.10833333333333334,4.666666666666667,0.013044498754592663
WS,"WS(n=120, k=2, p=0.1)",degree,0,0.5,60,0.008333333333333333,,0.0
WS,"WS(n=120, k=2, p=0.1)",degree,0,0.6,72,0.008333333333333333,,0.0
WS,"WS(n=120, k=2, p=0.1)",degree,0,0.7,84,0.008333333333333333,,0.0
WS,"WS(n=120, k=2, p=0.1)",degree,0,0.8,96,0.008333333333333333,,0.0
WS,"WS(n=120, k=2, p=0.1)",degree,0,0.9,108,0.008333333333333333,,0.0
WS,"WS(n=120, k=2, p=0.1)",degree,0,1.0,120,0.0,,0.0
WS,"WS(n=120, k=2, p=0.1)",betweenness,0,0.0,0,1.0,30.536834733893556,0.08290234116302649
WS,"WS(n=120, k=2, p=0.1)",betweenness,0,0.008333333333333333,1,0.5583333333333333,18.981456354590684,0.06466967620037711
WS,"WS(n=120, k=2, p=0.1)",betweenness,0,0.1,12,0.08333333333333333,3.6666666666666665,0.029960798211057793
WS,"WS(n=120, k=2, p=0.1)",betweenness,0,0.2,24,0.041666666666666664,2.0,0.01959064327485381
WS,"WS(n=120, k=2, p=0.1)",betweenness,0,0.3,36,0.025,1.3333333333333333,0.012908777969018933
WS,"WS(n=120, k=2, p=0.1)",betweenness,0,0.4,48,0.016666666666666666,1.0,0.009389671361502348
WS,"WS(n=120, k=2, p=0.1)",betweenness,0,0.5,60,0.016666666666666666,1.0,0.011864406779661017
WS,"WS(n=120, k=2, p=0.1)",betweenness,0,0.6,72,0.016666666666666666,1.0,0.014184397163120567
WS,"WS(n=120, k=2, p=0.1)",betweenness,0,0.7,84,0.016666666666666666,1.0,0.020634920634920634
WS,"WS(n=120, k=2, p=0.1)",betweenness,0,0.8,96,0.016666666666666666,1.0,0.028985507246376812
WS,"WS(n=120, k=2, p=0.1)",betweenness,0,0.9,108,0.016666666666666666,1.0,0.07575757575757576
WS,"WS(n=120, k=2, p=0.1)",betweenness,0,1.0,120,0.0,,0.0
BA,"BA(n=120, m=3)",random,0,0.0,0,1.0,2.653361344537815,0.4139169000933371
BA,"BA(n=120, m=3)",random,0,0.008333333333333333,1,0.9916666666666667,2.6537530266343827,0.4140602003512968
BA,"BA(n=120, m=3)",random,0,0.1,12,0.9,2.6483212184146763,0.41633206415138413
BA,"BA(n=120, m=3)",random,0,0.2,24,0.8,2.668640350877193,0.41534722222225656
BA,"BA(n=120, m=3)",random,0,0.3,36,0.7,2.8663224325874928,0.3928380187416381
BA,"BA(n=120, m=3)",random,0,0.4,48,0.5916666666666667,2.89215291750503,0.38202921231089
BA,"BA(n=120, m=3)",random,0,0.5,60,0.475,3.081453634085213,0.3379096045197779
BA,"BA(n=120, m=3)",random,0,0.6,72,0.38333333333333336,3.1497584541062804,0.34087723741979464
BA,"BA(n=120, m=3)",random,0,0.7,84,0.225,4.905982905982906,0.16565261458118563
BA,"BA(n=120, m=3)",random,0,0.8,96,0.058333333333333334,1.9047619047619047,0.06944444444444443
BA,"BA(n=120, m=3)",random,0,0.9,108,0.016666666666666666,1.0,0.015151515151515152
BA,"BA(n=120, m=3)",random,0,1.0,120,0.0,,0.0
BA,"BA(n=120, m=3)",degree,0,0.0,0,1.0,2.653361344537815,0.4139169000933371
BA,"BA(n=120, m=3)",degree,0,0.008333333333333333,1,0.9916666666666667,2.807149978635522,0.39388501163175016
BA,"BA(n=120, m=3)",degree,0,0.1,12,0.875,4.202747252747253,0.2641629168108815
BA,"BA(n=120, m=3)",degree,0,0.2,24,0.6416666666666667,7.775461380724539,0.11795921998466517
BA,"BA(n=120, m=3)",degree,0,0.3,36,0.075,3.3333333333333335,0.020800549135316766
BA,"BA(n=120, m=3)",degree,0,0.4,48,0.03333333333333333,1.6666666666666667,0.008672404799165362
BA,"BA(n=120, m=3)",degree,0,0.5,60,0.016666666666666666,1.0,0.0022598870056497176
BA,"BA(n=120, m=3)",degree,0,0.6,72,0.008333333333333333,,0.0
BA,"BA(n=120, m=3)",degree,0,0.7,84,0.008333333333333333,,0.0
BA,"BA(n=120, m=3)",degree,0,0.8,96,0.008333333333333333,,0.0
BA,"BA(n=120, m=3)",degree,0,0.9,108,0.008333333333333333,,0.0
BA,"BA(n=120, m=3)",degree,0,1.0,120,0.0,,0.0
BA,"BA(n=120, m=3)",betweenness,0,0.0,0,1.0,2.653361344537815,0.4139169000933371
BA,"BA(n=120, m=3)",betweenness,0,0.008333333333333333,1,0.9916666666666667,2.807149978635522,0.39388501163175016
BA,"BA(n=120, m=3)",betweenness,0,0.1,12,0.875,4.228754578754579,0.26481117484491395
BA,"BA(n=120, m=3)",betweenness,0,0.2,24,0.425,6.2,0.09207914526993476
BA,"BA(n=120, m=3)",betweenness,0,0.3,36,0.058333333333333334,2.6666666666666665,0.019893861158921396
BA,"BA(n=120, m=3)",betweenness,0,0.4,48,0.025,1.3333333333333333,0.008020344287949921
BA,"BA(n=120, m=3)",betweenness,0,0.5,60,0.016666666666666666,1.0,0.005649717514124294
BA,"BA(n=120, m=3)",betweenness,0,0.6,72,0.016666666666666666,1.0,0.0062056737588652485
BA,"BA(n=120, m=3)",betweenness,0,0.7,84,0.016666666666666666,1.0,0.0031746031746031746
BA,"BA(n=120, m=3)",betweenness,0,0.8,96,0.016666666666666666,1.0,0.0036231884057971015
BA,"BA(n=120, m=3)",betweenness,0,0.9,108,0.016666666666666666,1.0,0.015151515151515152
BA,"BA(n=120, m=3)",betweenness,0,1.0,120,0.0,,0.0
